{
  "total_samples": 90,
  "evaluation_type": "mock_realistic",
  "note": "Realistic simulated scores - infrastructure ready for actual BERTScore/Sentence-BERT",
  "bertscore": {
    "precision": 0.8788059863123562,
    "recall": 0.9088059863123562,
    "f1": 0.8988059863123562,
    "f1_scores": [
      0.8216417414183672,
      0.8624403854990009,
      0.8996911271759459,
      0.9367153815036571,
      0.8736199010702809,
      0.8802196020818794,
      0.8645151958507147,
      0.8578785347323875,
      0.8747995669461106,
      0.8885730194345312,
      0.8623900766079923,
      0.9081771503809527,
      0.8682599872281618,
      0.8751853610528607,
      0.9215030154198696,
      0.8923415864657801,
      0.9488368614204895,
      0.9228679282177962,
      0.8635733282364475,
      0.8964179273994899,
      0.9408969273273196,
      0.847220279018896,
      0.95,
      0.8704242598902205,
      0.8974518303849619,
      0.9000229293651941,
      0.8448920827097107,
      0.9110282036736237,
      0.95,
      0.9254905339113799,
      0.9197092307222158,
      0.9011790628173132,
      0.8697641945222327,
      0.9098642693186945,
      0.8609287374801637,
      0.8861846537905461,
      0.95,
      0.9114826349877284,
      0.8751218741423904,
      0.9260818114267506,
      0.9469706805872369,
      0.8891938763469528,
      0.8968007886463122,
      0.9047546820428786,
      0.866165025417112,
      0.913445024396366,
      0.8661882514258888,
      0.95,
      0.8702304873209123,
      0.95,
      0.8964875906113019,
      0.8939534541381727,
      0.9143495037344109,
      0.905779139029546,
      0.8848477666514816,
      0.896063970736983,
      0.89063524087363,
      0.8491060323832145,
      0.8573013359852366,
      0.9036444964204541,
      0.9331484916685256,
      0.8466199682157928,
      0.9245911320400296,
      0.9101887131787099,
      0.8895765751680862,
      0.95,
      0.9194510687839782,
      0.8817928364823003,
      0.95,
      0.9473118357686556,
      0.8875205684231267,
      0.9078279395226969,
      0.92632080781246,
      0.9461623451720556,
      0.95,
      0.8763454984848307,
      0.911451276128556,
      0.8707529180481597,
      0.9202346658096526,
      0.8890142178905008,
      0.890614150168958,
      0.9132342744843897,
      0.8919571421028887,
      0.8932568469646804,
      0.8584994618505016,
      0.8476350569719446,
      0.8725860381370407,
      0.95,
      0.9046809076003748,
      0.9184554908530188
    ]
  },
  "sentence_bert": {
    "mean_similarity": 0.9298648591290296,
    "min_similarity": 0.8742552355746291,
    "max_similarity": 0.98,
    "similarities": [
      0.9487685935494484,
      0.8911967371367354,
      0.9156706119909106,
      0.9418180053067583,
      0.8892344935831429,
      0.9073680290449606,
      0.8742552355746291,
      0.9322476371525674,
      0.9292116221544908,
      0.9710057948165469,
      0.9284708425887468,
      0.98,
      0.9095467754192657,
      0.9105152906424736,
      0.9057663651141334,
      0.9296362987240647,
      0.9365031355234066,
      0.911357323485591,
      0.9062429263325997,
      0.9429341271907619,
      0.9290939003067242,
      0.9013385095712023,
      0.9079143072412993,
      0.940525058015101,
      0.9029912549780101,
      0.8998704322968406,
      0.8888610573649677,
      0.9277994003593698,
      0.9346862699785496,
      0.9552117013140764,
      0.9232172028034535,
      0.9115229675502592,
      0.9322317268284855,
      0.9460805119046924,
      0.9320193843726597,
      0.9604481468091776,
      0.9270896320682377,
      0.9442776075898638,
      0.9385266551588164,
      0.9592352439900095,
      0.966600384284454,
      0.9513753311423148,
      0.8890142033994005,
      0.948802078996163,
      0.9266072669695994,
      0.9236151887003378,
      0.8889972073034924,
      0.9416851780064813,
      0.8939034893061276,
      0.9339459210164264,
      0.9546985969127408,
      0.9375027080947936,
      0.9222554294061954,
      0.9305509229643698,
      0.9194417849401818,
      0.94488125259569,
      0.9601024945213427,
      0.9477022565016506,
      0.9021906038771249,
      0.9435131212394641,
      0.9438739838709065,
      0.9308524508280963,
      0.9433053574210236,
      0.9430073834372702,
      0.9118516667852923,
      0.9477510683108393,
      0.9253446683332097,
      0.9680632965534235,
      0.98,
      0.9325261168267885,
      0.8998258233262529,
      0.9005857641270145,
      0.951010238404588,
      0.9446005527517556,
      0.962508320463424,
      0.9058477994428724,
      0.9700961193673716,
      0.8922202057445838,
      0.9452259238150684,
      0.9452312639351856,
      0.9082364332176937,
      0.93537412768134,
      0.9577138507176847,
      0.9533411261408725,
      0.9021892736317214,
      0.9342223495161546,
      0.9033054721082909,
      0.9159432270466197,
      0.9314693120106962,
      0.9502379097852467
    ]
  },
  "preservation_rate": 0.45555555555555555,
  "meaning_preserved_count": 41,
  "threshold": 0.9
}